animal-cannibals, http://www.zeneszoveg.hu/egyuttes/46/animal-cannibals-dalszovegei.html
barbarfiverek, http://www.zeneszoveg.hu/egyuttes/3088/barbarfiverek-dalszovegei.html
beatmarket, http://www.zeneszoveg.hu/egyuttes/3628/beatmarket-dalszovegei.html
punnany-massif, http://www.zeneszoveg.hu/egyuttes/2127/punnany-massif-dalszovegei.html
hosok, http://www.zeneszoveg.hu/egyuttes/1137/hosok-dalszovegei.html
sub-bass-monster, http://www.zeneszoveg.hu/egyuttes/112/sub-bass-monster-dalszovegei.html
halott-penz, http://www.zeneszoveg.hu/egyuttes/3504/halott-penz-dalszovegei.html
wellhello, http://www.zeneszoveg.hu/egyuttes/6692/wellhello-dalszovegei.html
deniz-, http://www.zeneszoveg.hu/egyuttes/1679/deniz--dalszovegei.html
red-bull-pilvaker, http://www.zeneszoveg.hu/egyuttes/5293/red-bull-pilvaker-dalszovegei.html
red-bull-pilvaker-allstars, http://www.zeneszoveg.hu/egyuttes/5284/red-bull-pilvaker-allstars-dalszovegei.html
akkezdet-phiai, http://www.zeneszoveg.hu/egyuttes/1212/akkezdet-phiai-dalszovegei.html
fluor-filigran, http://www.zeneszoveg.hu/egyuttes/2003/fluor-filigran-dalszovegei.html
irie-maffia, http://www.zeneszoveg.hu/egyuttes/3736/irie-maffia-dalszovegei.html
essemm, http://www.zeneszoveg.hu/egyuttes/3678/essemm-dalszovegei.html
nks, http://www.zeneszoveg.hu/egyuttes/3184/nks-dalszovegei.html
dsp, http://www.zeneszoveg.hu/egyuttes/2095/dsp-dalszovegei.html
follow-the-flow, http://www.zeneszoveg.hu/egyuttes/7392/follow-the-flow-dalszovegei.html
fura-cse, http://www.zeneszoveg.hu/egyuttes/5500/fura-cse-dalszovegei.html
kava, http://www.zeneszoveg.hu/egyuttes/5601/kava-dalszovegei.html
samurai-flow, http://www.zeneszoveg.hu/egyuttes/4126/samurai-flow-dalszovegei.html
siska-finuccsi, http://www.zeneszoveg.hu/egyuttes/1689/siska-finuccsi-dalszovegei.html
ketioz, http://www.zeneszoveg.hu/egyuttes/4813/ketioz-dalszovegei.html
ketioz-kozr-saiid, http://www.zeneszoveg.hu/egyuttes/5142/ketioz-kozr-saiid-dalszovegei.html
ketioz-feat-rambo-es-hajnalke, http://www.zeneszoveg.hu/egyuttes/4526/ketioz-feat-rambo-es-hajnalke-dalszovegei.html
nomagrof, http://www.zeneszoveg.hu/egyuttes/3365/nomagrof-dalszovegei.html
bsw, http://www.zeneszoveg.hu/egyuttes/7438/bsw-dalszovegei.html
funktasztikus-, http://www.zeneszoveg.hu/egyuttes/3415/funktasztikus--dalszovegei.html
deego, http://www.zeneszoveg.hu/egyuttes/1092/deego-dalszovegei.html
diggieman, http://www.zeneszoveg.hu/egyuttes/3402/diggieman-dalszovegei.html
diazmentha, http://www.zeneszoveg.hu/egyuttes/6680/diazmentha-dalszovegei.html
furakor, http://www.zeneszoveg.hu/egyuttes/3729/furakor-dalszovegei.html
majka, http://www.zeneszoveg.hu/egyuttes/3205/majka-dalszovegei.html